id,gesture
gesture_one_1, gesture_one
gesture_one_2, gesture_one
gesture_one_3, gesture_one
gesture_one_4, gesture_one
gesture_one_5, gesture_one
gesture_one_6, gesture_one
gesture_one_7, gesture_one
gesture_one_8, gesture_one
gesture_one_9, gesture_one
gesture_one_10, gesture_one
gesture_one_11, gesture_one
gesture_one_12, gesture_one
gesture_one_13, gesture_one
gesture_one_14, gesture_one
gesture_one_15, gesture_one
gesture_one_16, gesture_one
gesture_one_17, gesture_one
gesture_one_18, gesture_one
gesture_one_19, gesture_one
gesture_one_20, gesture_one
gesture_one_21, gesture_one
gesture_one_22, gesture_one
gesture_one_23, gesture_one
gesture_one_24, gesture_one
gesture_one_25, gesture_one
gesture_one_26, gesture_one
gesture_one_27, gesture_one
gesture_one_28, gesture_one
gesture_one_29, gesture_one
gesture_one_30, gesture_one
gesture_one_31, gesture_one
gesture_one_32, gesture_one
gesture_one_33, gesture_one
gesture_one_34, gesture_one
gesture_one_35, gesture_one
gesture_one_36, gesture_one
gesture_one_37, gesture_one
gesture_one_38, gesture_one
gesture_one_39, gesture_one
gesture_one_40, gesture_one
gesture_one_41, gesture_one
gesture_one_42, gesture_one
gesture_one_43, gesture_one
gesture_one_44, gesture_one
gesture_one_45, gesture_one
gesture_one_46, gesture_one
gesture_one_47, gesture_one
gesture_one_48, gesture_one
gesture_one_49, gesture_one
gesture_one_50, gesture_one
gesture_one_51, gesture_one
gesture_one_52, gesture_one
gesture_one_53, gesture_one
gesture_one_54, gesture_one
gesture_one_55, gesture_one
gesture_one_56, gesture_one
gesture_one_57, gesture_one
gesture_one_58, gesture_one
gesture_one_59, gesture_one
gesture_one_60, gesture_one
gesture_one_61, gesture_one
gesture_one_62, gesture_one
gesture_one_63, gesture_one
gesture_one_64, gesture_one
gesture_one_65, gesture_one
gesture_one_66, gesture_one
gesture_one_67, gesture_one
gesture_one_68, gesture_one
gesture_one_69, gesture_one
gesture_one_70, gesture_one
gesture_one_71, gesture_one
gesture_one_72, gesture_one
gesture_one_73, gesture_one
gesture_one_74, gesture_one
gesture_one_75, gesture_one
gesture_one_76, gesture_one
gesture_one_77, gesture_one
gesture_one_78, gesture_one
gesture_one_79, gesture_one
gesture_one_80, gesture_one
gesture_one_81, gesture_one
gesture_one_82, gesture_one
gesture_one_83, gesture_one
gesture_one_84, gesture_one
gesture_one_85, gesture_one
gesture_one_86, gesture_one
gesture_one_87, gesture_one
gesture_one_88, gesture_one
gesture_one_89, gesture_one
gesture_one_90, gesture_one
gesture_one_91, gesture_one
gesture_one_92, gesture_one
gesture_one_93, gesture_one
gesture_one_94, gesture_one
gesture_one_95, gesture_one
gesture_one_96, gesture_one
gesture_one_97, gesture_one
gesture_one_98, gesture_one
gesture_one_99, gesture_one
gesture_one_100, gesture_one
gesture_two_1, gesture_two
gesture_two_2, gesture_two
gesture_two_3, gesture_two
gesture_two_4, gesture_two
gesture_two_5, gesture_two
gesture_two_6, gesture_two
gesture_two_7, gesture_two
gesture_two_8, gesture_two
gesture_two_9, gesture_two
gesture_two_10, gesture_two
gesture_two_11, gesture_two
gesture_two_12, gesture_two
gesture_two_13, gesture_two
gesture_two_14, gesture_two
gesture_two_15, gesture_two
gesture_two_16, gesture_two
gesture_two_17, gesture_two
gesture_two_18, gesture_two
gesture_two_19, gesture_two
gesture_two_20, gesture_two
gesture_two_21, gesture_two
gesture_two_22, gesture_two
gesture_two_23, gesture_two
gesture_two_24, gesture_two
gesture_two_25, gesture_two
gesture_two_26, gesture_two
gesture_two_27, gesture_two
gesture_two_28, gesture_two
gesture_two_29, gesture_two
gesture_two_30, gesture_two
gesture_two_31, gesture_two
gesture_two_32, gesture_two
gesture_two_33, gesture_two
gesture_two_34, gesture_two
gesture_two_35, gesture_two
gesture_two_36, gesture_two
gesture_two_37, gesture_two
gesture_two_38, gesture_two
gesture_two_39, gesture_two
gesture_two_40, gesture_two
gesture_two_41, gesture_two
gesture_two_42, gesture_two
gesture_two_43, gesture_two
gesture_two_44, gesture_two
gesture_two_45, gesture_two
gesture_two_46, gesture_two
gesture_two_47, gesture_two
gesture_two_48, gesture_two
gesture_two_49, gesture_two
gesture_two_50, gesture_two
gesture_two_51, gesture_two
gesture_two_52, gesture_two
gesture_two_53, gesture_two
gesture_two_54, gesture_two
gesture_two_55, gesture_two
gesture_two_56, gesture_two
gesture_two_57, gesture_two
gesture_two_58, gesture_two
gesture_two_59, gesture_two
gesture_two_60, gesture_two
gesture_two_61, gesture_two
gesture_two_62, gesture_two
gesture_two_63, gesture_two
gesture_two_64, gesture_two
gesture_two_65, gesture_two
gesture_two_66, gesture_two
gesture_two_67, gesture_two
gesture_two_68, gesture_two
gesture_two_69, gesture_two
gesture_two_70, gesture_two
gesture_two_71, gesture_two
gesture_two_72, gesture_two
gesture_two_73, gesture_two
gesture_two_74, gesture_two
gesture_two_75, gesture_two
gesture_two_76, gesture_two
gesture_two_77, gesture_two
gesture_two_78, gesture_two
gesture_two_79, gesture_two
gesture_two_80, gesture_two
gesture_two_81, gesture_two
gesture_two_82, gesture_two
gesture_two_83, gesture_two
gesture_two_84, gesture_two
gesture_two_85, gesture_two
gesture_two_86, gesture_two
gesture_two_87, gesture_two
gesture_two_88, gesture_two
gesture_two_89, gesture_two
gesture_two_90, gesture_two
gesture_two_91, gesture_two
gesture_two_92, gesture_two
gesture_two_93, gesture_two
gesture_two_94, gesture_two
gesture_two_95, gesture_two
gesture_two_96, gesture_two
gesture_two_97, gesture_two
gesture_two_98, gesture_two
gesture_two_99, gesture_two
gesture_two_100, gesture_two
gesture_three_1, gesture_three
gesture_three_2, gesture_three
gesture_three_3, gesture_three
gesture_three_4, gesture_three
gesture_three_5, gesture_three
gesture_three_6, gesture_three
gesture_three_7, gesture_three
gesture_three_8, gesture_three
gesture_three_9, gesture_three
gesture_three_10, gesture_three
gesture_three_11, gesture_three
gesture_three_12, gesture_three
gesture_three_13, gesture_three
gesture_three_14, gesture_three
gesture_three_15, gesture_three
gesture_three_16, gesture_three
gesture_three_17, gesture_three
gesture_three_18, gesture_three
gesture_three_19, gesture_three
gesture_three_20, gesture_three
gesture_three_21, gesture_three
gesture_three_22, gesture_three
gesture_three_23, gesture_three
gesture_three_24, gesture_three
gesture_three_25, gesture_three
gesture_three_26, gesture_three
gesture_three_27, gesture_three
gesture_three_28, gesture_three
gesture_three_29, gesture_three
gesture_three_30, gesture_three
gesture_three_31, gesture_three
gesture_three_32, gesture_three
gesture_three_33, gesture_three
gesture_three_34, gesture_three
gesture_three_35, gesture_three
gesture_three_36, gesture_three
gesture_three_37, gesture_three
gesture_three_38, gesture_three
gesture_three_39, gesture_three
gesture_three_40, gesture_three
gesture_three_41, gesture_three
gesture_three_42, gesture_three
gesture_three_43, gesture_three
gesture_three_44, gesture_three
gesture_three_45, gesture_three
gesture_three_46, gesture_three
gesture_three_47, gesture_three
gesture_three_48, gesture_three
gesture_three_49, gesture_three
gesture_three_50, gesture_three
gesture_three_51, gesture_three
gesture_three_52, gesture_three
gesture_three_53, gesture_three
gesture_three_54, gesture_three
gesture_three_55, gesture_three
gesture_three_56, gesture_three
gesture_three_57, gesture_three
gesture_three_58, gesture_three
gesture_three_59, gesture_three
gesture_three_60, gesture_three
gesture_three_61, gesture_three
gesture_three_62, gesture_three
gesture_three_63, gesture_three
gesture_three_64, gesture_three
gesture_three_65, gesture_three
gesture_three_66, gesture_three
gesture_three_67, gesture_three
gesture_three_68, gesture_three
gesture_three_69, gesture_three
gesture_three_70, gesture_three
gesture_three_71, gesture_three
gesture_three_72, gesture_three
gesture_three_73, gesture_three
gesture_three_74, gesture_three
gesture_three_75, gesture_three
gesture_three_76, gesture_three
gesture_three_77, gesture_three
gesture_three_78, gesture_three
gesture_three_79, gesture_three
gesture_three_80, gesture_three
gesture_three_81, gesture_three
gesture_three_82, gesture_three
gesture_three_83, gesture_three
gesture_three_84, gesture_three
gesture_three_85, gesture_three
gesture_three_86, gesture_three
gesture_three_87, gesture_three
gesture_three_88, gesture_three
gesture_three_89, gesture_three
gesture_three_90, gesture_three
gesture_three_91, gesture_three
gesture_three_92, gesture_three
gesture_three_93, gesture_three
gesture_three_94, gesture_three
gesture_three_95, gesture_three
gesture_three_96, gesture_three
gesture_three_97, gesture_three
gesture_three_98, gesture_three
gesture_three_99, gesture_three
gesture_three_100, gesture_three
gesture_four_1, gesture_four
gesture_four_2, gesture_four
gesture_four_3, gesture_four
gesture_four_4, gesture_four
gesture_four_5, gesture_four
gesture_four_6, gesture_four
gesture_four_7, gesture_four
gesture_four_8, gesture_four
gesture_four_9, gesture_four
gesture_four_10, gesture_four
gesture_four_11, gesture_four
gesture_four_12, gesture_four
gesture_four_13, gesture_four
gesture_four_14, gesture_four
gesture_four_15, gesture_four
gesture_four_16, gesture_four
gesture_four_17, gesture_four
gesture_four_18, gesture_four
gesture_four_19, gesture_four
gesture_four_20, gesture_four
gesture_four_21, gesture_four
gesture_four_22, gesture_four
gesture_four_23, gesture_four
gesture_four_24, gesture_four
gesture_four_25, gesture_four
gesture_four_26, gesture_four
gesture_four_27, gesture_four
gesture_four_28, gesture_four
gesture_four_29, gesture_four
gesture_four_30, gesture_four
gesture_four_31, gesture_four
gesture_four_32, gesture_four
gesture_four_33, gesture_four
gesture_four_34, gesture_four
gesture_four_35, gesture_four
gesture_four_36, gesture_four
gesture_four_37, gesture_four
gesture_four_38, gesture_four
gesture_four_39, gesture_four
gesture_four_40, gesture_four
gesture_four_41, gesture_four
gesture_four_42, gesture_four
gesture_four_43, gesture_four
gesture_four_44, gesture_four
gesture_four_45, gesture_four
gesture_four_46, gesture_four
gesture_four_47, gesture_four
gesture_four_48, gesture_four
gesture_four_49, gesture_four
gesture_four_50, gesture_four
gesture_four_51, gesture_four
gesture_four_52, gesture_four
gesture_four_53, gesture_four
gesture_four_54, gesture_four
gesture_four_55, gesture_four
gesture_four_56, gesture_four
gesture_four_57, gesture_four
gesture_four_58, gesture_four
gesture_four_59, gesture_four
gesture_four_60, gesture_four
gesture_four_61, gesture_four
gesture_four_62, gesture_four
gesture_four_63, gesture_four
gesture_four_64, gesture_four
gesture_four_65, gesture_four
gesture_four_66, gesture_four
gesture_four_67, gesture_four
gesture_four_68, gesture_four
gesture_four_69, gesture_four
gesture_four_70, gesture_four
gesture_four_71, gesture_four
gesture_four_72, gesture_four
gesture_four_73, gesture_four
gesture_four_74, gesture_four
gesture_four_75, gesture_four
gesture_four_76, gesture_four
gesture_four_77, gesture_four
gesture_four_78, gesture_four
gesture_four_79, gesture_four
gesture_four_80, gesture_four
gesture_four_81, gesture_four
gesture_four_82, gesture_four
gesture_four_83, gesture_four
gesture_four_84, gesture_four
gesture_four_85, gesture_four
gesture_four_86, gesture_four
gesture_four_87, gesture_four
gesture_four_88, gesture_four
gesture_four_89, gesture_four
gesture_four_90, gesture_four
gesture_four_91, gesture_four
gesture_four_92, gesture_four
gesture_four_93, gesture_four
gesture_four_94, gesture_four
gesture_four_95, gesture_four
gesture_four_96, gesture_four
gesture_four_97, gesture_four
gesture_four_98, gesture_four
gesture_four_99, gesture_four
gesture_four_100, gesture_four
gesture_five_1, gesture_five
gesture_five_2, gesture_five
gesture_five_3, gesture_five
gesture_five_4, gesture_five
gesture_five_5, gesture_five
gesture_five_6, gesture_five
gesture_five_7, gesture_five
gesture_five_8, gesture_five
gesture_five_9, gesture_five
gesture_five_10, gesture_five
gesture_five_11, gesture_five
gesture_five_12, gesture_five
gesture_five_13, gesture_five
gesture_five_14, gesture_five
gesture_five_15, gesture_five
gesture_five_16, gesture_five
gesture_five_17, gesture_five
gesture_five_18, gesture_five
gesture_five_19, gesture_five
gesture_five_20, gesture_five
gesture_five_21, gesture_five
gesture_five_22, gesture_five
gesture_five_23, gesture_five
gesture_five_24, gesture_five
gesture_five_25, gesture_five
gesture_five_26, gesture_five
gesture_five_27, gesture_five
gesture_five_28, gesture_five
gesture_five_29, gesture_five
gesture_five_30, gesture_five
gesture_five_31, gesture_five
gesture_five_32, gesture_five
gesture_five_33, gesture_five
gesture_five_34, gesture_five
gesture_five_35, gesture_five
gesture_five_36, gesture_five
gesture_five_37, gesture_five
gesture_five_38, gesture_five
gesture_five_39, gesture_five
gesture_five_40, gesture_five
gesture_five_41, gesture_five
gesture_five_42, gesture_five
gesture_five_43, gesture_five
gesture_five_44, gesture_five
gesture_five_45, gesture_five
gesture_five_46, gesture_five
gesture_five_47, gesture_five
gesture_five_48, gesture_five
gesture_five_49, gesture_five
gesture_five_50, gesture_five
gesture_five_51, gesture_five
gesture_five_52, gesture_five
gesture_five_53, gesture_five
gesture_five_54, gesture_five
gesture_five_55, gesture_five
gesture_five_56, gesture_five
gesture_five_57, gesture_five
gesture_five_58, gesture_five
gesture_five_59, gesture_five
gesture_five_60, gesture_five
gesture_five_61, gesture_five
gesture_five_62, gesture_five
gesture_five_63, gesture_five
gesture_five_64, gesture_five
gesture_five_65, gesture_five
gesture_five_66, gesture_five
gesture_five_67, gesture_five
gesture_five_68, gesture_five
gesture_five_69, gesture_five
gesture_five_70, gesture_five
gesture_five_71, gesture_five
gesture_five_72, gesture_five
gesture_five_73, gesture_five
gesture_five_74, gesture_five
gesture_five_75, gesture_five
gesture_five_76, gesture_five
gesture_five_77, gesture_five
gesture_five_78, gesture_five
gesture_five_79, gesture_five
gesture_five_80, gesture_five
gesture_five_81, gesture_five
gesture_five_82, gesture_five
gesture_five_83, gesture_five
gesture_five_84, gesture_five
gesture_five_85, gesture_five
gesture_five_86, gesture_five
gesture_five_87, gesture_five
gesture_five_88, gesture_five
gesture_five_89, gesture_five
gesture_five_90, gesture_five
gesture_five_91, gesture_five
gesture_five_92, gesture_five
gesture_five_93, gesture_five
gesture_five_94, gesture_five
gesture_five_95, gesture_five
gesture_six_1, gesture_six
gesture_six_2, gesture_six
gesture_six_3, gesture_six
gesture_six_4, gesture_six
gesture_six_5, gesture_six
gesture_six_6, gesture_six
gesture_six_7, gesture_six
gesture_six_8, gesture_six
gesture_six_9, gesture_six
gesture_six_10, gesture_six
gesture_six_11, gesture_six
gesture_six_12, gesture_six
gesture_six_13, gesture_six
gesture_six_14, gesture_six
gesture_six_15, gesture_six
gesture_six_16, gesture_six
gesture_six_17, gesture_six
gesture_six_18, gesture_six
gesture_six_19, gesture_six
gesture_six_20, gesture_six
gesture_six_21, gesture_six
gesture_six_22, gesture_six
gesture_six_23, gesture_six
gesture_six_24, gesture_six
gesture_six_25, gesture_six
gesture_six_26, gesture_six
gesture_six_27, gesture_six
gesture_six_28, gesture_six
gesture_six_29, gesture_six
gesture_six_30, gesture_six
gesture_six_31, gesture_six
gesture_six_32, gesture_six
gesture_six_33, gesture_six
gesture_six_34, gesture_six
gesture_six_35, gesture_six
gesture_six_36, gesture_six
gesture_six_37, gesture_six
gesture_six_38, gesture_six
gesture_six_39, gesture_six
gesture_six_40, gesture_six
gesture_six_41, gesture_six
gesture_six_42, gesture_six
gesture_six_43, gesture_six
gesture_six_44, gesture_six
gesture_six_45, gesture_six
gesture_six_46, gesture_six
gesture_six_47, gesture_six
gesture_six_48, gesture_six
gesture_six_49, gesture_six
gesture_six_50, gesture_six
gesture_six_51, gesture_six
gesture_six_52, gesture_six
gesture_six_53, gesture_six
gesture_six_54, gesture_six
gesture_six_55, gesture_six
gesture_six_56, gesture_six
gesture_six_57, gesture_six
gesture_six_58, gesture_six
gesture_six_59, gesture_six
gesture_six_60, gesture_six
gesture_six_61, gesture_six
gesture_six_62, gesture_six
gesture_six_63, gesture_six
gesture_six_64, gesture_six
gesture_six_65, gesture_six
gesture_six_66, gesture_six
gesture_six_67, gesture_six
gesture_six_68, gesture_six
gesture_six_69, gesture_six
gesture_six_70, gesture_six
gesture_six_71, gesture_six
gesture_six_72, gesture_six
gesture_six_73, gesture_six
gesture_six_74, gesture_six
gesture_six_75, gesture_six
gesture_six_76, gesture_six
gesture_six_77, gesture_six
gesture_six_78, gesture_six
gesture_six_79, gesture_six
gesture_six_80, gesture_six
gesture_six_81, gesture_six
gesture_six_82, gesture_six
gesture_six_83, gesture_six
gesture_six_84, gesture_six
gesture_six_85, gesture_six
gesture_six_86, gesture_six
gesture_six_87, gesture_six
gesture_six_88, gesture_six
gesture_six_89, gesture_six
gesture_six_90, gesture_six
gesture_six_91, gesture_six
gesture_six_92, gesture_six
gesture_six_93, gesture_six
gesture_six_94, gesture_six
gesture_six_95, gesture_six
gesture_six_96, gesture_six
gesture_six_97, gesture_six
gesture_six_98, gesture_six
gesture_six_99, gesture_six
gesture_six_100, gesture_six
gesture_seven_1, gesture_seven
gesture_seven_2, gesture_seven
gesture_seven_3, gesture_seven
gesture_seven_4, gesture_seven
gesture_seven_5, gesture_seven
gesture_seven_6, gesture_seven
gesture_seven_7, gesture_seven
gesture_seven_8, gesture_seven
gesture_seven_9, gesture_seven
gesture_seven_10, gesture_seven
gesture_seven_11, gesture_seven
gesture_seven_12, gesture_seven
gesture_seven_13, gesture_seven
gesture_seven_14, gesture_seven
gesture_seven_15, gesture_seven
gesture_seven_16, gesture_seven
gesture_seven_17, gesture_seven
gesture_seven_18, gesture_seven
gesture_seven_19, gesture_seven
gesture_seven_20, gesture_seven
gesture_seven_21, gesture_seven
gesture_seven_22, gesture_seven
gesture_seven_23, gesture_seven
gesture_seven_24, gesture_seven
gesture_seven_25, gesture_seven
gesture_seven_26, gesture_seven
gesture_seven_27, gesture_seven
gesture_seven_28, gesture_seven
gesture_seven_29, gesture_seven
gesture_seven_30, gesture_seven
gesture_seven_31, gesture_seven
gesture_seven_32, gesture_seven
gesture_seven_33, gesture_seven
gesture_seven_34, gesture_seven
gesture_seven_35, gesture_seven
gesture_seven_36, gesture_seven
gesture_seven_37, gesture_seven
gesture_seven_38, gesture_seven
gesture_seven_39, gesture_seven
gesture_seven_40, gesture_seven
gesture_seven_41, gesture_seven
gesture_seven_42, gesture_seven
gesture_seven_43, gesture_seven
gesture_seven_44, gesture_seven
gesture_seven_45, gesture_seven
gesture_seven_46, gesture_seven
gesture_seven_47, gesture_seven
gesture_seven_48, gesture_seven
gesture_seven_49, gesture_seven
gesture_seven_50, gesture_seven
gesture_seven_51, gesture_seven
gesture_seven_52, gesture_seven
gesture_seven_53, gesture_seven
gesture_seven_54, gesture_seven
gesture_seven_55, gesture_seven
gesture_seven_56, gesture_seven
gesture_seven_57, gesture_seven
gesture_seven_58, gesture_seven
gesture_seven_59, gesture_seven
gesture_seven_60, gesture_seven
gesture_seven_61, gesture_seven
gesture_seven_62, gesture_seven
gesture_seven_63, gesture_seven
gesture_seven_64, gesture_seven
gesture_seven_65, gesture_seven
gesture_seven_66, gesture_seven
gesture_seven_67, gesture_seven
gesture_seven_68, gesture_seven
gesture_seven_69, gesture_seven
gesture_seven_70, gesture_seven
gesture_seven_71, gesture_seven
gesture_seven_72, gesture_seven
gesture_seven_73, gesture_seven
gesture_seven_74, gesture_seven
gesture_seven_75, gesture_seven
gesture_seven_76, gesture_seven
gesture_seven_77, gesture_seven
gesture_seven_78, gesture_seven
gesture_seven_79, gesture_seven
gesture_seven_80, gesture_seven
gesture_seven_81, gesture_seven
gesture_seven_82, gesture_seven
gesture_seven_83, gesture_seven
gesture_seven_84, gesture_seven
gesture_seven_85, gesture_seven
gesture_seven_86, gesture_seven
gesture_seven_87, gesture_seven
gesture_seven_88, gesture_seven
gesture_seven_89, gesture_seven
gesture_seven_90, gesture_seven
gesture_seven_91, gesture_seven
gesture_seven_92, gesture_seven
gesture_seven_93, gesture_seven
gesture_seven_94, gesture_seven
gesture_seven_95, gesture_seven
gesture_seven_96, gesture_seven
gesture_seven_97, gesture_seven
gesture_seven_98, gesture_seven
gesture_seven_99, gesture_seven
gesture_seven_100, gesture_seven
gesture_eight_1, gesture_eight
gesture_eight_2, gesture_eight
gesture_eight_3, gesture_eight
gesture_eight_4, gesture_eight
gesture_eight_5, gesture_eight
gesture_eight_6, gesture_eight
gesture_eight_7, gesture_eight
gesture_eight_8, gesture_eight
gesture_eight_9, gesture_eight
gesture_eight_10, gesture_eight
gesture_eight_11, gesture_eight
gesture_eight_12, gesture_eight
gesture_eight_13, gesture_eight
gesture_eight_14, gesture_eight
gesture_eight_15, gesture_eight
gesture_eight_16, gesture_eight
gesture_eight_17, gesture_eight
gesture_eight_18, gesture_eight
gesture_eight_19, gesture_eight
gesture_eight_20, gesture_eight
gesture_eight_21, gesture_eight
gesture_eight_22, gesture_eight
gesture_eight_23, gesture_eight
gesture_eight_24, gesture_eight
gesture_eight_25, gesture_eight
gesture_eight_26, gesture_eight
gesture_eight_27, gesture_eight
gesture_eight_28, gesture_eight
gesture_eight_29, gesture_eight
gesture_eight_30, gesture_eight
gesture_eight_31, gesture_eight
gesture_eight_32, gesture_eight
gesture_eight_33, gesture_eight
gesture_eight_34, gesture_eight
gesture_eight_35, gesture_eight
gesture_eight_36, gesture_eight
gesture_eight_37, gesture_eight
gesture_eight_38, gesture_eight
gesture_eight_39, gesture_eight
gesture_eight_40, gesture_eight
gesture_eight_41, gesture_eight
gesture_eight_42, gesture_eight
gesture_eight_43, gesture_eight
gesture_eight_44, gesture_eight
gesture_eight_45, gesture_eight
gesture_eight_46, gesture_eight
gesture_eight_47, gesture_eight
gesture_eight_48, gesture_eight
gesture_eight_49, gesture_eight
gesture_eight_50, gesture_eight
gesture_eight_51, gesture_eight
gesture_eight_52, gesture_eight
gesture_eight_53, gesture_eight
gesture_eight_54, gesture_eight
gesture_eight_55, gesture_eight
gesture_eight_56, gesture_eight
gesture_eight_57, gesture_eight
gesture_eight_58, gesture_eight
gesture_eight_59, gesture_eight
gesture_eight_60, gesture_eight
gesture_eight_61, gesture_eight
gesture_eight_62, gesture_eight
gesture_eight_63, gesture_eight
gesture_eight_64, gesture_eight
gesture_eight_65, gesture_eight
gesture_eight_66, gesture_eight
gesture_eight_67, gesture_eight
gesture_eight_68, gesture_eight
gesture_eight_69, gesture_eight
gesture_eight_70, gesture_eight
gesture_eight_71, gesture_eight
gesture_eight_72, gesture_eight
gesture_eight_73, gesture_eight
gesture_eight_74, gesture_eight
gesture_eight_75, gesture_eight
gesture_eight_76, gesture_eight
gesture_eight_77, gesture_eight
gesture_eight_78, gesture_eight
gesture_eight_79, gesture_eight
gesture_eight_80, gesture_eight
gesture_eight_81, gesture_eight
gesture_eight_82, gesture_eight
gesture_eight_83, gesture_eight
gesture_eight_84, gesture_eight
gesture_eight_85, gesture_eight
gesture_eight_86, gesture_eight
gesture_eight_87, gesture_eight
gesture_eight_88, gesture_eight
gesture_eight_89, gesture_eight
gesture_eight_90, gesture_eight
gesture_eight_91, gesture_eight
gesture_eight_92, gesture_eight
gesture_eight_93, gesture_eight
gesture_eight_94, gesture_eight
gesture_eight_95, gesture_eight
gesture_eight_96, gesture_eight
gesture_eight_97, gesture_eight
gesture_eight_98, gesture_eight
gesture_eight_99, gesture_eight
gesture_eight_100, gesture_eight
gesture_nine_1, gesture_nine
gesture_nine_2, gesture_nine
gesture_nine_3, gesture_nine
gesture_nine_4, gesture_nine
gesture_nine_5, gesture_nine
gesture_nine_6, gesture_nine
gesture_nine_7, gesture_nine
gesture_nine_8, gesture_nine
gesture_nine_9, gesture_nine
gesture_nine_10, gesture_nine
gesture_nine_11, gesture_nine
gesture_nine_12, gesture_nine
gesture_nine_13, gesture_nine
gesture_nine_14, gesture_nine
gesture_nine_15, gesture_nine
gesture_nine_16, gesture_nine
gesture_nine_17, gesture_nine
gesture_nine_18, gesture_nine
gesture_nine_19, gesture_nine
gesture_nine_20, gesture_nine
gesture_nine_21, gesture_nine
gesture_nine_22, gesture_nine
gesture_nine_23, gesture_nine
gesture_nine_24, gesture_nine
gesture_nine_25, gesture_nine
gesture_nine_26, gesture_nine
gesture_nine_27, gesture_nine
gesture_nine_28, gesture_nine
gesture_nine_29, gesture_nine
gesture_nine_30, gesture_nine
gesture_nine_31, gesture_nine
gesture_nine_32, gesture_nine
gesture_nine_33, gesture_nine
gesture_nine_34, gesture_nine
gesture_nine_35, gesture_nine
gesture_nine_36, gesture_nine
gesture_nine_37, gesture_nine
gesture_nine_38, gesture_nine
gesture_nine_39, gesture_nine
gesture_nine_40, gesture_nine
gesture_nine_41, gesture_nine
gesture_nine_42, gesture_nine
gesture_nine_43, gesture_nine
gesture_nine_44, gesture_nine
gesture_nine_45, gesture_nine
gesture_nine_46, gesture_nine
gesture_nine_47, gesture_nine
gesture_nine_48, gesture_nine
gesture_nine_49, gesture_nine
gesture_nine_50, gesture_nine
gesture_nine_51, gesture_nine
gesture_nine_52, gesture_nine
gesture_nine_53, gesture_nine
gesture_nine_54, gesture_nine
gesture_nine_55, gesture_nine
gesture_nine_56, gesture_nine
gesture_nine_57, gesture_nine
gesture_nine_58, gesture_nine
gesture_nine_59, gesture_nine
gesture_nine_60, gesture_nine
gesture_nine_61, gesture_nine
gesture_nine_62, gesture_nine
gesture_nine_63, gesture_nine
gesture_nine_64, gesture_nine
gesture_nine_65, gesture_nine
gesture_nine_66, gesture_nine
gesture_nine_67, gesture_nine
gesture_nine_68, gesture_nine
gesture_nine_69, gesture_nine
gesture_nine_70, gesture_nine
gesture_nine_71, gesture_nine
gesture_nine_72, gesture_nine
gesture_nine_73, gesture_nine
gesture_nine_74, gesture_nine
gesture_nine_75, gesture_nine
gesture_nine_76, gesture_nine
gesture_nine_77, gesture_nine
gesture_nine_78, gesture_nine
gesture_nine_79, gesture_nine
gesture_nine_80, gesture_nine
gesture_nine_81, gesture_nine
gesture_nine_82, gesture_nine
gesture_nine_83, gesture_nine
gesture_nine_84, gesture_nine
gesture_nine_85, gesture_nine
gesture_nine_86, gesture_nine
gesture_nine_87, gesture_nine
gesture_nine_88, gesture_nine
gesture_nine_89, gesture_nine
gesture_nine_90, gesture_nine
gesture_nine_91, gesture_nine
gesture_nine_92, gesture_nine
gesture_nine_93, gesture_nine
gesture_nine_94, gesture_nine
gesture_nine_95, gesture_nine
gesture_nine_96, gesture_nine
gesture_nine_97, gesture_nine
gesture_nine_98, gesture_nine
gesture_nine_99, gesture_nine
gesture_nine_100, gesture_nine
gesture_ten_1, gesture_ten
gesture_ten_2, gesture_ten
gesture_ten_3, gesture_ten
gesture_ten_4, gesture_ten
gesture_ten_5, gesture_ten
gesture_ten_6, gesture_ten
gesture_ten_7, gesture_ten
gesture_ten_8, gesture_ten
gesture_ten_9, gesture_ten
gesture_ten_10, gesture_ten
gesture_ten_11, gesture_ten
gesture_ten_12, gesture_ten
gesture_ten_13, gesture_ten
gesture_ten_14, gesture_ten
gesture_ten_15, gesture_ten
gesture_ten_16, gesture_ten
gesture_ten_17, gesture_ten
gesture_ten_18, gesture_ten
gesture_ten_19, gesture_ten
gesture_ten_20, gesture_ten
gesture_ten_21, gesture_ten
gesture_ten_22, gesture_ten
gesture_ten_23, gesture_ten
gesture_ten_24, gesture_ten
gesture_ten_25, gesture_ten
gesture_ten_26, gesture_ten
gesture_ten_27, gesture_ten
gesture_ten_28, gesture_ten
gesture_ten_29, gesture_ten
gesture_ten_30, gesture_ten
gesture_ten_31, gesture_ten
gesture_ten_32, gesture_ten
gesture_ten_33, gesture_ten
gesture_ten_34, gesture_ten
gesture_ten_35, gesture_ten
gesture_ten_36, gesture_ten
gesture_ten_37, gesture_ten
gesture_ten_38, gesture_ten
gesture_ten_39, gesture_ten
gesture_ten_40, gesture_ten
gesture_ten_41, gesture_ten
gesture_ten_42, gesture_ten
gesture_ten_43, gesture_ten
gesture_ten_44, gesture_ten
gesture_ten_45, gesture_ten
gesture_ten_46, gesture_ten
gesture_ten_47, gesture_ten
gesture_ten_48, gesture_ten
gesture_ten_49, gesture_ten
gesture_ten_50, gesture_ten
gesture_ten_51, gesture_ten
gesture_ten_52, gesture_ten
gesture_ten_53, gesture_ten
gesture_ten_54, gesture_ten
gesture_ten_55, gesture_ten
gesture_ten_56, gesture_ten
gesture_ten_57, gesture_ten
gesture_ten_58, gesture_ten
gesture_ten_59, gesture_ten
gesture_ten_60, gesture_ten
gesture_ten_61, gesture_ten
gesture_ten_62, gesture_ten
gesture_ten_63, gesture_ten
gesture_ten_64, gesture_ten
gesture_ten_65, gesture_ten
gesture_ten_66, gesture_ten
gesture_ten_67, gesture_ten
gesture_ten_68, gesture_ten
gesture_ten_69, gesture_ten
gesture_ten_70, gesture_ten
gesture_ten_71, gesture_ten
gesture_ten_72, gesture_ten
gesture_ten_73, gesture_ten
gesture_ten_74, gesture_ten
gesture_ten_75, gesture_ten
gesture_ten_76, gesture_ten
gesture_ten_77, gesture_ten
gesture_ten_78, gesture_ten
gesture_ten_79, gesture_ten
gesture_ten_80, gesture_ten
gesture_ten_81, gesture_ten
gesture_ten_82, gesture_ten
gesture_ten_83, gesture_ten
gesture_ten_84, gesture_ten
gesture_ten_85, gesture_ten
gesture_ten_86, gesture_ten
gesture_ten_87, gesture_ten
gesture_ten_88, gesture_ten
gesture_ten_89, gesture_ten
gesture_ten_90, gesture_ten
gesture_ten_91, gesture_ten
gesture_ten_92, gesture_ten
gesture_ten_93, gesture_ten
gesture_ten_94, gesture_ten
gesture_ten_95, gesture_ten
gesture_ten_96, gesture_ten
gesture_ten_97, gesture_ten
gesture_ten_98, gesture_ten
gesture_ten_99, gesture_ten
gesture_ten_100, gesture_ten
